Name,Email,Gender,Status
Gautam Bharadwaj,gautam_bharadwaj@smitham-considine.com,male,inactive
Rev. Drona Kaniyar,kaniyar_drona_rev@mayert.info,female,active
Chetanaanand Talwar Esq.,chetanaanand_esq_talwar@padberg-blick.org,female,active
The Hon. Archan Nehru,hon_the_nehru_archan@lind.biz,male,active
Deeptimoy Patil MD,md_deeptimoy_patil@dibbert.com,male,inactive
Tej Mishra,mishra_tej@effertz-bernier.net,female,inactive
Somu Kaniyar DO,do_kaniyar_somu@lindgren.name,male,active
Bhoj Ahuja III,iii_bhoj_ahuja@hackett.name,female,inactive
Upendra Guneta,upendra_guneta@cartwright.com,female,active
Msgr. Udai Patil,patil_udai_msgr@frami-wisozk.co,male,active
Dr. Bhanumati Desai,dr_bhanumati_desai@towne.net,male,inactive
Meghnath Abbott,abbott_meghnath@streich.org,male,active
Gov. Bhaaswar Iyer,bhaaswar_iyer_gov@hagenes-barrows.biz,male,active
Upendra Saini,upendra_saini@terry-graham.com,female,inactive
Deepankar Gupta I,i_deepankar_gupta@bechtelar-reynolds.co,male,inactive
Msgr. Chinmayanand Menon,chinmayanand_msgr_menon@jacobson.name,female,active
Rohana Tagore,tagore_rohana@marks.com,female,active
Anurag Butt,butt_anurag@hermiston.info,female,active
Divaakar Khanna,divaakar_khanna@ziemann-bosco.net,female,active
Lalita Johar,johar_lalita@skiles-will.biz,male,active
